{"cameraMode":{"drawMode":0,"name":"Shaded","section":"Shading Mode"},"sceneLighting":true,"audioPlay":false,"sceneViewState":{"m_AlwaysRefresh":false,"showFog":true,"showSkybox":false,"showFlares":true,"showImageEffects":true,"showParticleSystems":true,"showVisualEffectGraphs":true,"m_FxEnabled":true},"in2DMode":false,"pivot":{"x":-0.015210568904876709,"y":0.04135572910308838,"z":0.8152890205383301},"rotation":{"x":0.3264872431755066,"y":0.19846104085445405,"z":-0.07032118737697602,"w":0.9215056896209717},"size":1.561557412147522,"orthographic":false}