{"cameraMode":{"drawMode":0,"name":"Shaded","section":"Shading Mode"},"sceneLighting":false,"audioPlay":false,"sceneViewState":{"m_AlwaysRefresh":false,"showFog":true,"showSkybox":false,"showFlares":true,"showImageEffects":true,"showParticleSystems":true,"showVisualEffectGraphs":true,"m_FxEnabled":true},"in2DMode":false,"pivot":{"x":-0.029833853244781495,"y":-0.06497365236282349,"z":-0.060947418212890628},"rotation":{"x":-0.22473758459091187,"y":-0.387567937374115,"z":0.10209047049283982,"w":-0.888507604598999},"size":0.910407543182373,"orthographic":false}