{"cameraMode":{"drawMode":0,"name":"Shaded","section":"Shading Mode"},"sceneLighting":false,"audioPlay":false,"sceneViewState":{"m_AlwaysRefresh":false,"showFog":true,"showSkybox":false,"showFlares":true,"showImageEffects":true,"showParticleSystems":true,"showVisualEffectGraphs":true,"m_FxEnabled":true},"in2DMode":false,"pivot":{"x":-0.030302107334136964,"y":0.5895501375198364,"z":0.06134900450706482},"rotation":{"x":0.11690457910299301,"y":0.27038824558258059,"z":0.03643520548939705,"w":-0.9552508592605591},"size":0.8216376900672913,"orthographic":false}