{"cameraMode":{"drawMode":0,"name":"Shaded","section":"Shading Mode"},"sceneLighting":false,"audioPlay":false,"sceneViewState":{"m_AlwaysRefresh":false,"showFog":true,"showSkybox":false,"showFlares":true,"showImageEffects":true,"showParticleSystems":true,"showVisualEffectGraphs":true,"m_FxEnabled":true},"in2DMode":false,"pivot":{"x":0.32390332221984866,"y":-0.3261781930923462,"z":0.17860376834869386},"rotation":{"x":-0.3161988854408264,"y":-0.41184791922569277,"z":0.1593744456768036,"w":-0.8399903178215027},"size":2.1932053565979006,"orthographic":false}