{"cameraMode":{"drawMode":0,"name":"Shaded","section":"Shading Mode"},"sceneLighting":false,"audioPlay":false,"sceneViewState":{"m_AlwaysRefresh":false,"showFog":true,"showSkybox":false,"showFlares":true,"showImageEffects":true,"showParticleSystems":true,"showVisualEffectGraphs":true,"m_FxEnabled":true},"in2DMode":false,"pivot":{"x":1.2896254062652588,"y":1.0157828330993653,"z":0.6771323680877686},"rotation":{"x":-0.15722092986106873,"y":-0.44323813915252688,"z":0.08335943520069123,"w":-0.8788954615592957},"size":3.4372589588165285,"orthographic":false}