{"cameraMode":{"drawMode":0,"name":"Shaded","section":"Shading Mode"},"sceneLighting":false,"audioPlay":false,"sceneViewState":{"m_AlwaysRefresh":false,"showFog":true,"showSkybox":false,"showFlares":true,"showImageEffects":true,"showParticleSystems":true,"showVisualEffectGraphs":true,"m_FxEnabled":true},"in2DMode":false,"pivot":{"x":0.3145928382873535,"y":0.9974939823150635,"z":-0.8480021953582764},"rotation":{"x":-0.17556948959827424,"y":-0.6252123117446899,"z":0.15207265317440034,"w":-0.7454816102981567},"size":1.6400742530822755,"orthographic":false}