{"cameraMode":{"drawMode":0,"name":"Shaded","section":"Shading Mode"},"sceneLighting":false,"audioPlay":false,"sceneViewState":{"m_AlwaysRefresh":false,"showFog":true,"showSkybox":false,"showFlares":true,"showImageEffects":true,"showParticleSystems":true,"showVisualEffectGraphs":true,"m_FxEnabled":true},"in2DMode":false,"pivot":{"x":-0.6073093414306641,"y":-1.4034429788589478,"z":1.5854921340942383},"rotation":{"x":0.45601987838745119,"y":-0.1869775503873825,"z":0.0986275002360344,"w":0.8645057082176209},"size":1.6496238708496094,"orthographic":false}