{"cameraMode":{"drawMode":0,"name":"Shaded","section":"Shading Mode"},"sceneLighting":false,"audioPlay":false,"sceneViewState":{"m_AlwaysRefresh":false,"showFog":true,"showSkybox":false,"showFlares":true,"showImageEffects":true,"showParticleSystems":true,"showVisualEffectGraphs":true,"m_FxEnabled":true},"in2DMode":false,"pivot":{"x":0.5435495376586914,"y":4.199109077453613,"z":0.19971653819084168},"rotation":{"x":0.028596647083759309,"y":0.7020118832588196,"z":-0.02911844477057457,"w":0.7112137079238892},"size":1.1631803512573243,"orthographic":false}