{"cameraMode":{"drawMode":0,"name":"Shaded","section":"Shading Mode"},"sceneLighting":false,"audioPlay":false,"sceneViewState":{"m_AlwaysRefresh":false,"showFog":true,"showSkybox":false,"showFlares":true,"showImageEffects":true,"showParticleSystems":true,"showVisualEffectGraphs":true,"m_FxEnabled":true},"in2DMode":false,"pivot":{"x":0.19038836658000947,"y":4.37520170211792,"z":-0.24643589556217194},"rotation":{"x":-0.03777050971984863,"y":0.8022245764732361,"z":0.04999556764960289,"w":0.5939874649047852},"size":0.8631803393363953,"orthographic":false}