{"cameraMode":{"drawMode":0,"name":"Shaded","section":"Shading Mode"},"sceneLighting":true,"audioPlay":false,"sceneViewState":{"m_AlwaysRefresh":false,"showFog":true,"showSkybox":false,"showFlares":true,"showImageEffects":true,"showParticleSystems":true,"showVisualEffectGraphs":true,"m_FxEnabled":true},"in2DMode":false,"pivot":{"x":0.009487390518188477,"y":0.008526116609573365,"z":0.002848893404006958},"rotation":{"x":-0.2727745473384857,"y":-0.3023039400577545,"z":0.09472932666540146,"w":-0.908744752407074},"size":1.5469319820404053,"orthographic":false}