{"cameraMode":{"drawMode":0,"name":"Shaded","section":"Shading Mode"},"sceneLighting":false,"audioPlay":false,"sceneViewState":{"m_AlwaysRefresh":false,"showFog":true,"showSkybox":false,"showFlares":true,"showImageEffects":true,"showParticleSystems":true,"showVisualEffectGraphs":true,"m_FxEnabled":true},"in2DMode":false,"pivot":{"x":-0.025433123111724855,"y":-0.15665212273597718,"z":-0.054084327071905139},"rotation":{"x":-0.371725469827652,"y":-0.39674103260040285,"z":0.18455655872821809,"w":-0.8191098570823669},"size":0.3100406527519226,"orthographic":false}