{"cameraMode":{"drawMode":0,"name":"Shaded","section":"Shading Mode"},"sceneLighting":false,"audioPlay":false,"sceneViewState":{"m_AlwaysRefresh":false,"showFog":true,"showSkybox":false,"showFlares":true,"showImageEffects":true,"showParticleSystems":true,"showVisualEffectGraphs":true,"m_FxEnabled":true},"in2DMode":false,"pivot":{"x":-0.2444424033164978,"y":0.8135265111923218,"z":0.027367770671844484},"rotation":{"x":-0.06707204133272171,"y":-0.9220831394195557,"z":0.32468709349632265,"w":-0.20108573138713838},"size":1.3790497779846192,"orthographic":false}