{"cameraMode":{"drawMode":0,"name":"Shaded","section":"Shading Mode"},"sceneLighting":false,"audioPlay":false,"sceneViewState":{"m_AlwaysRefresh":false,"showFog":true,"showSkybox":false,"showFlares":true,"showImageEffects":true,"showParticleSystems":true,"showVisualEffectGraphs":true,"m_FxEnabled":true},"in2DMode":false,"pivot":{"x":0.07438182830810547,"y":0.009361982345581055,"z":0.013331770896911621},"rotation":{"x":-0.371725469827652,"y":-0.39674103260040285,"z":0.18455655872821809,"w":-0.8191098570823669},"size":2.3993208408355715,"orthographic":false}