{"cameraMode":{"drawMode":0,"name":"Shaded","section":"Shading Mode"},"sceneLighting":false,"audioPlay":false,"sceneViewState":{"m_AlwaysRefresh":false,"showFog":true,"showSkybox":false,"showFlares":true,"showImageEffects":true,"showParticleSystems":true,"showVisualEffectGraphs":true,"m_FxEnabled":true},"in2DMode":false,"pivot":{"x":0.15915484726428986,"y":1.5434983968734742,"z":0.4002406597137451},"rotation":{"x":-0.14389082789421082,"y":-0.13696786761283875,"z":0.020281068980693818,"w":-0.9799929857254028},"size":1.734586477279663,"orthographic":false}