{"cameraMode":{"drawMode":0,"name":"Shaded","section":"Shading Mode"},"sceneLighting":false,"audioPlay":false,"sceneViewState":{"m_AlwaysRefresh":false,"showFog":true,"showSkybox":false,"showFlares":true,"showImageEffects":true,"showParticleSystems":true,"showVisualEffectGraphs":true,"m_FxEnabled":true},"in2DMode":false,"pivot":{"x":0.06682789325714112,"y":-0.01008141040802002,"z":0.04381513595581055},"rotation":{"x":-0.2852802276611328,"y":0.15157383680343629,"z":0.045773882418870929,"w":0.9452956914901733},"size":1.9357675313949586,"orthographic":false}