{"cameraMode":{"drawMode":0,"name":"Shaded","section":"Shading Mode"},"sceneLighting":false,"audioPlay":false,"sceneViewState":{"m_AlwaysRefresh":false,"showFog":true,"showSkybox":false,"showFlares":true,"showImageEffects":true,"showParticleSystems":true,"showVisualEffectGraphs":true,"m_FxEnabled":true},"in2DMode":false,"pivot":{"x":0.00806659460067749,"y":0.0487331748008728,"z":-0.03480255603790283},"rotation":{"x":-0.2852802276611328,"y":0.15157383680343629,"z":0.045773882418870929,"w":0.9452956914901733},"size":0.6000173091888428,"orthographic":false}