{"cameraMode":{"drawMode":0,"name":"Shaded","section":"Shading Mode"},"sceneLighting":true,"audioPlay":false,"sceneViewState":{"m_AlwaysRefresh":false,"showFog":true,"showSkybox":true,"showFlares":true,"showImageEffects":true,"showParticleSystems":true,"showVisualEffectGraphs":true,"m_FxEnabled":true},"in2DMode":false,"pivot":{"x":-0.03728294372558594,"y":-0.548663854598999,"z":-0.5976347923278809},"rotation":{"x":0.19576355814933778,"y":0.2811709940433502,"z":-0.05866888910531998,"w":0.9376786947250366},"size":4.207394599914551,"orthographic":false}