{"cameraMode":{"drawMode":0,"name":"Shaded","section":"Shading Mode"},"sceneLighting":true,"audioPlay":false,"sceneViewState":{"m_AlwaysRefresh":false,"showFog":true,"showSkybox":true,"showFlares":true,"showImageEffects":true,"showParticleSystems":true,"showVisualEffectGraphs":true,"m_FxEnabled":true},"in2DMode":false,"pivot":{"x":-13.916053771972657,"y":1.8067216873168946,"z":-26.397432327270509},"rotation":{"x":-0.09696511179208756,"y":0.4287102520465851,"z":0.04637939855456352,"w":0.8970600366592407},"size":21.879384994506837,"orthographic":false}