{"cameraMode":{"drawMode":0,"name":"Shaded","section":"Shading Mode"},"sceneLighting":true,"audioPlay":false,"sceneViewState":{"m_AlwaysRefresh":false,"showFog":true,"showSkybox":true,"showFlares":true,"showImageEffects":true,"showParticleSystems":true,"showVisualEffectGraphs":true,"m_FxEnabled":true},"in2DMode":false,"pivot":{"x":7.0262651443481449,"y":1.2066774368286133,"z":-15.689766883850098},"rotation":{"x":0.2648550570011139,"y":0.09528116881847382,"z":-0.026285428553819658,"w":0.9592288732528687},"size":9.23625373840332,"orthographic":false}