{"cameraMode":{"drawMode":0,"name":"Shaded","section":"Shading Mode"},"sceneLighting":true,"audioPlay":false,"sceneViewState":{"m_AlwaysRefresh":false,"showFog":true,"showSkybox":true,"showFlares":true,"showImageEffects":true,"showParticleSystems":true,"showVisualEffectGraphs":true,"m_FxEnabled":true},"in2DMode":false,"pivot":{"x":9.722248077392579,"y":-6.9280853271484379,"z":0.06804656982421875},"rotation":{"x":0.3363211750984192,"y":0.39987993240356448,"z":-0.16057784855365754,"w":0.8373978734016419},"size":18.513700485229493,"orthographic":false}