{"cameraMode":{"drawMode":0,"name":"Shaded","section":"Shading Mode"},"sceneLighting":false,"audioPlay":false,"sceneViewState":{"m_AlwaysRefresh":false,"showFog":true,"showSkybox":false,"showFlares":true,"showImageEffects":true,"showParticleSystems":true,"showVisualEffectGraphs":true,"m_FxEnabled":true},"in2DMode":false,"pivot":{"x":-0.0033846995793282987,"y":0.04219699278473854,"z":0.018163111060857774},"rotation":{"x":0.09909623116254807,"y":-0.04378575459122658,"z":0.0037235182244330646,"w":0.9942910671234131},"size":0.038262248039245608,"orthographic":false}