{"cameraMode":{"drawMode":0,"name":"Shaded","section":"Shading Mode"},"sceneLighting":true,"audioPlay":false,"sceneViewState":{"m_AlwaysRefresh":false,"showFog":true,"showSkybox":false,"showFlares":true,"showImageEffects":true,"showParticleSystems":true,"showVisualEffectGraphs":true,"m_FxEnabled":true},"in2DMode":false,"pivot":{"x":-0.553170919418335,"y":0.4510622024536133,"z":-0.1876368522644043},"rotation":{"x":-0.03552575409412384,"y":-0.9025933742523193,"z":0.07968313246965409,"w":-0.42219266295433047},"size":1.5931100845336915,"orthographic":false}