{"cameraMode":{"drawMode":0,"name":"Shaded","section":"Shading Mode"},"sceneLighting":false,"audioPlay":false,"sceneViewState":{"m_AlwaysRefresh":false,"showFog":true,"showSkybox":false,"showFlares":true,"showImageEffects":true,"showParticleSystems":true,"showVisualEffectGraphs":true,"m_FxEnabled":true},"in2DMode":false,"pivot":{"x":0.014774084091186524,"y":-0.001931309700012207,"z":0.883047342300415},"rotation":{"x":-0.2727745473384857,"y":-0.3023039400577545,"z":0.09472932666540146,"w":-0.908744752407074},"size":1.581601858139038,"orthographic":false}