{"cameraMode":{"drawMode":0,"name":"Shaded","section":"Shading Mode"},"sceneLighting":false,"audioPlay":false,"sceneViewState":{"m_AlwaysRefresh":false,"showFog":true,"showSkybox":false,"showFlares":true,"showImageEffects":true,"showParticleSystems":true,"showVisualEffectGraphs":true,"m_FxEnabled":true},"in2DMode":false,"pivot":{"x":-0.1612006425857544,"y":-0.008385539054870606,"z":0.02477085590362549},"rotation":{"x":-0.06707204133272171,"y":-0.9220831394195557,"z":0.32468709349632265,"w":-0.20108573138713838},"size":2.3118414878845217,"orthographic":false}