{"cameraMode":{"drawMode":0,"name":"Shaded","section":"Shading Mode"},"sceneLighting":false,"audioPlay":false,"sceneViewState":{"m_AlwaysRefresh":false,"showFog":true,"showSkybox":false,"showFlares":true,"showImageEffects":true,"showParticleSystems":true,"showVisualEffectGraphs":true,"m_FxEnabled":true},"in2DMode":false,"pivot":{"x":-0.0005702972412109375,"y":-0.004153728485107422,"z":-0.055856719613075259},"rotation":{"x":-0.22473758459091187,"y":-0.387567937374115,"z":0.10209047049283982,"w":-0.888507604598999},"size":0.9986293315887451,"orthographic":false}