{"cameraMode":{"drawMode":0,"name":"Shaded","section":"Shading Mode"},"sceneLighting":false,"audioPlay":false,"sceneViewState":{"m_AlwaysRefresh":false,"showFog":true,"showSkybox":false,"showFlares":true,"showImageEffects":true,"showParticleSystems":true,"showVisualEffectGraphs":true,"m_FxEnabled":true},"in2DMode":false,"pivot":{"x":-0.051284968852996829,"y":0.006336569786071777,"z":-0.05312424898147583},"rotation":{"x":0.007560625672340393,"y":0.26384395360946658,"z":-0.001961482223123312,"w":0.9645912051200867},"size":1.1571415662765504,"orthographic":false}