{"cameraMode":{"drawMode":0,"name":"Shaded","section":"Shading Mode"},"sceneLighting":false,"audioPlay":false,"sceneViewState":{"m_AlwaysRefresh":false,"showFog":true,"showSkybox":false,"showFlares":true,"showImageEffects":true,"showParticleSystems":true,"showVisualEffectGraphs":true,"m_FxEnabled":true},"in2DMode":false,"pivot":{"x":0.3812375068664551,"y":0.5989593267440796,"z":0.3218034505844116},"rotation":{"x":0.12064609676599503,"y":0.32168957591056826,"z":0.04389506205916405,"w":-0.9383841753005981},"size":0.937553346157074,"orthographic":false}