{"cameraMode":{"drawMode":0,"name":"Shaded","section":"Shading Mode"},"sceneLighting":false,"audioPlay":false,"sceneViewState":{"m_AlwaysRefresh":false,"showFog":true,"showSkybox":false,"showFlares":true,"showImageEffects":true,"showParticleSystems":true,"showVisualEffectGraphs":true,"m_FxEnabled":true},"in2DMode":false,"pivot":{"x":0.007242679595947266,"y":0.017407000064849855,"z":0.038553833961486819},"rotation":{"x":-0.4019201397895813,"y":0.15870146453380586,"z":-0.07074536383152008,"w":-0.8991888165473938},"size":0.9929868578910828,"orthographic":false}