{"cameraMode":{"drawMode":0,"name":"Shaded","section":"Shading Mode"},"sceneLighting":true,"audioPlay":false,"sceneViewState":{"m_AlwaysRefresh":false,"showFog":true,"showSkybox":false,"showFlares":true,"showImageEffects":true,"showParticleSystems":true,"showVisualEffectGraphs":true,"m_FxEnabled":true},"in2DMode":false,"pivot":{"x":1.880660057067871,"y":0.01241523027420044,"z":1.0727667808532715},"rotation":{"x":0.04624560475349426,"y":0.7114772796630859,"z":-0.047023091465234759,"w":0.6996256709098816},"size":3.2407329082489015,"orthographic":false}