{"cameraMode":{"drawMode":0,"name":"Shaded","section":"Shading Mode"},"sceneLighting":false,"audioPlay":false,"sceneViewState":{"m_AlwaysRefresh":false,"showFog":true,"showSkybox":false,"showFlares":true,"showImageEffects":true,"showParticleSystems":true,"showVisualEffectGraphs":true,"m_FxEnabled":true},"in2DMode":false,"pivot":{"x":-0.008000969886779786,"y":0.03417348861694336,"z":-0.08975708484649658},"rotation":{"x":0.11690457910299301,"y":0.27038824558258059,"z":0.03643520548939705,"w":-0.9552508592605591},"size":1.9938850402832032,"orthographic":false}