{"cameraMode":{"drawMode":0,"name":"Shaded","section":"Shading Mode"},"sceneLighting":true,"audioPlay":false,"sceneViewState":{"m_AlwaysRefresh":false,"showFog":true,"showSkybox":false,"showFlares":true,"showImageEffects":true,"showParticleSystems":true,"showVisualEffectGraphs":true,"m_FxEnabled":true},"in2DMode":false,"pivot":{"x":0.005592077970504761,"y":0.021334469318389894,"z":0.022540688514709474},"rotation":{"x":-0.2727745473384857,"y":-0.3023039400577545,"z":0.09472932666540146,"w":-0.908744752407074},"size":0.6469318866729736,"orthographic":false}