{"cameraMode":{"drawMode":0,"name":"Shaded","section":"Shading Mode"},"sceneLighting":false,"audioPlay":false,"sceneViewState":{"m_AlwaysRefresh":false,"showFog":true,"showSkybox":false,"showFlares":true,"showImageEffects":true,"showParticleSystems":true,"showVisualEffectGraphs":true,"m_FxEnabled":true},"in2DMode":false,"pivot":{"x":0.45415055751800539,"y":1.0177216529846192,"z":0.38987159729003909},"rotation":{"x":-0.420184850692749,"y":0.31419554352760317,"z":-0.15757815539836884,"w":-0.8367594480514526},"size":5.29619836807251,"orthographic":false}