{"cameraMode":{"drawMode":0,"name":"Shaded","section":"Shading Mode"},"sceneLighting":false,"audioPlay":false,"sceneViewState":{"m_AlwaysRefresh":false,"showFog":true,"showSkybox":false,"showFlares":true,"showImageEffects":true,"showParticleSystems":true,"showVisualEffectGraphs":true,"m_FxEnabled":true},"in2DMode":false,"pivot":{"x":8.332612991333008,"y":6.031136512756348,"z":-13.30866813659668},"rotation":{"x":0.08707191050052643,"y":0.44531768560409548,"z":0.046215079724788669,"w":-0.8902281522750855},"size":0.2660253643989563,"orthographic":false}