{"cameraMode":{"drawMode":0,"name":"Shaded","section":"Shading Mode"},"sceneLighting":false,"audioPlay":false,"sceneViewState":{"m_AlwaysRefresh":false,"showFog":true,"showSkybox":false,"showFlares":true,"showImageEffects":true,"showParticleSystems":true,"showVisualEffectGraphs":true,"m_FxEnabled":true},"in2DMode":false,"pivot":{"x":-0.004864603281021118,"y":0.8515225648880005,"z":0.8122895956039429},"rotation":{"x":0.1560438573360443,"y":0.7509599924087524,"z":-0.1911420226097107,"w":0.6126036047935486},"size":1.200754165649414,"orthographic":false}