{"cameraMode":{"drawMode":0,"name":"Shaded","section":"Shading Mode"},"sceneLighting":false,"audioPlay":false,"sceneViewState":{"m_AlwaysRefresh":false,"showFog":true,"showSkybox":false,"showFlares":true,"showImageEffects":true,"showParticleSystems":true,"showVisualEffectGraphs":true,"m_FxEnabled":true},"in2DMode":false,"pivot":{"x":0.04829740524291992,"y":-0.007328033447265625,"z":-0.010660648345947266},"rotation":{"x":-0.4019201397895813,"y":0.15870146453380586,"z":-0.07074536383152008,"w":-0.8991888165473938},"size":4.304146766662598,"orthographic":false}