{"cameraMode":{"drawMode":0,"name":"Shaded","section":"Shading Mode"},"sceneLighting":false,"audioPlay":false,"sceneViewState":{"m_AlwaysRefresh":false,"showFog":true,"showSkybox":false,"showFlares":true,"showImageEffects":true,"showParticleSystems":true,"showVisualEffectGraphs":true,"m_FxEnabled":true},"in2DMode":false,"pivot":{"x":-0.07800006866455078,"y":0.04999750107526779,"z":-4.064000129699707},"rotation":{"x":0.2974361181259155,"y":-0.20275869965553285,"z":0.06484944373369217,"w":0.9307829737663269},"size":2.3115041255950929,"orthographic":false}