{"cameraMode":{"drawMode":0,"name":"Shaded","section":"Shading Mode"},"sceneLighting":false,"audioPlay":false,"sceneViewState":{"m_AlwaysRefresh":false,"showFog":true,"showSkybox":false,"showFlares":true,"showImageEffects":true,"showParticleSystems":true,"showVisualEffectGraphs":true,"m_FxEnabled":true},"in2DMode":false,"pivot":{"x":0.00386810302734375,"y":-0.032146334648132327,"z":0.0835714340209961},"rotation":{"x":-0.4032248556613922,"y":0.1982482522726059,"z":-0.08596955239772797,"w":-0.889555037021637},"size":1.0691053867340088,"orthographic":false}