{"cameraMode":{"drawMode":0,"name":"Shaded","section":"Shading Mode"},"sceneLighting":false,"audioPlay":false,"sceneViewState":{"m_AlwaysRefresh":false,"showFog":true,"showSkybox":false,"showFlares":true,"showImageEffects":true,"showParticleSystems":true,"showVisualEffectGraphs":true,"m_FxEnabled":true},"in2DMode":false,"pivot":{"x":0.002003587782382965,"y":0.027438074350357057,"z":-0.00011368095874786377},"rotation":{"x":-0.4620766341686249,"y":-0.011347739957273007,"z":0.006102343555539846,"w":-0.886899471282959},"size":0.16317620873451234,"orthographic":false}