{"cameraMode":{"drawMode":0,"name":"Shaded","section":"Shading Mode"},"sceneLighting":false,"audioPlay":false,"sceneViewState":{"m_AlwaysRefresh":false,"showFog":true,"showSkybox":false,"showFlares":true,"showImageEffects":true,"showParticleSystems":true,"showVisualEffectGraphs":true,"m_FxEnabled":true},"in2DMode":false,"pivot":{"x":0.02126491069793701,"y":0.13836389780044557,"z":-0.022154510021209718},"rotation":{"x":-0.4019201397895813,"y":0.15870146453380586,"z":-0.07074536383152008,"w":-0.8991888165473938},"size":1.5634359121322632,"orthographic":false}