{"cameraMode":{"drawMode":0,"name":"Shaded","section":"Shading Mode"},"sceneLighting":false,"audioPlay":false,"sceneViewState":{"m_AlwaysRefresh":false,"showFog":true,"showSkybox":false,"showFlares":true,"showImageEffects":true,"showParticleSystems":true,"showVisualEffectGraphs":true,"m_FxEnabled":true},"in2DMode":false,"pivot":{"x":-0.09970344603061676,"y":0.31074127554893496,"z":-0.22024807333946229},"rotation":{"x":0.3208543360233307,"y":0.3376942276954651,"z":-0.12454994767904282,"w":0.8762490749359131},"size":0.02480292320251465,"orthographic":false}