{"cameraMode":{"drawMode":0,"name":"Shaded","section":"Shading Mode"},"sceneLighting":false,"audioPlay":false,"sceneViewState":{"m_AlwaysRefresh":false,"showFog":true,"showSkybox":false,"showFlares":true,"showImageEffects":true,"showParticleSystems":true,"showVisualEffectGraphs":true,"m_FxEnabled":true},"in2DMode":false,"pivot":{"x":-0.3869999945163727,"y":1.5390000343322755,"z":4.355999946594238},"rotation":{"x":-0.029264694079756738,"y":0.4635618031024933,"z":-0.012706003151834011,"w":-0.8857898712158203},"size":0.1949007511138916,"orthographic":false}