{"cameraMode":{"drawMode":0,"name":"Shaded","section":"Shading Mode"},"sceneLighting":false,"audioPlay":false,"sceneViewState":{"m_AlwaysRefresh":false,"showFog":true,"showSkybox":false,"showFlares":true,"showImageEffects":true,"showParticleSystems":true,"showVisualEffectGraphs":true,"m_FxEnabled":true},"in2DMode":false,"pivot":{"x":1.4430358409881592,"y":0.1302931308746338,"z":0.8186442852020264},"rotation":{"x":-0.4139214754104614,"y":0.1417178213596344,"z":-0.06520722806453705,"w":-0.8969973921775818},"size":3.4053003787994386,"orthographic":false}