{"cameraMode":{"drawMode":0,"name":"Shaded","section":"Shading Mode"},"sceneLighting":false,"audioPlay":false,"sceneViewState":{"m_AlwaysRefresh":false,"showFog":true,"showSkybox":false,"showFlares":true,"showImageEffects":true,"showParticleSystems":true,"showVisualEffectGraphs":true,"m_FxEnabled":true},"in2DMode":false,"pivot":{"x":1.526485800743103,"y":1.8105309009552003,"z":3.8007118701934816},"rotation":{"x":-0.04771866276860237,"y":0.7959327697753906,"z":0.059362612664699557,"w":0.6009191870689392},"size":1.3949007987976075,"orthographic":false}