{"cameraMode":{"drawMode":0,"name":"Shaded","section":"Shading Mode"},"sceneLighting":false,"audioPlay":false,"sceneViewState":{"m_AlwaysRefresh":false,"showFog":true,"showSkybox":false,"showFlares":true,"showImageEffects":true,"showParticleSystems":true,"showVisualEffectGraphs":true,"m_FxEnabled":true},"in2DMode":false,"pivot":{"x":0.18265670537948609,"y":0.001765623688697815,"z":0.45632243156433108},"rotation":{"x":-0.0594046413898468,"y":-0.8059105277061462,"z":0.08496532589197159,"w":-0.5833515524864197},"size":0.5050056576728821,"orthographic":false}