{"cameraMode":{"drawMode":0,"name":"Shaded","section":"Shading Mode"},"sceneLighting":false,"audioPlay":false,"sceneViewState":{"m_AlwaysRefresh":false,"showFog":true,"showSkybox":false,"showFlares":true,"showImageEffects":true,"showParticleSystems":true,"showVisualEffectGraphs":true,"m_FxEnabled":true},"in2DMode":false,"pivot":{"x":0.31441473960876467,"y":0.2007380723953247,"z":-0.15843892097473145},"rotation":{"x":-0.4019201397895813,"y":0.15870146453380586,"z":-0.07074536383152008,"w":-0.8991888165473938},"size":2.2076449394226076,"orthographic":false}