{"cameraMode":{"drawMode":0,"name":"Shaded","section":"Shading Mode"},"sceneLighting":false,"audioPlay":false,"sceneViewState":{"m_AlwaysRefresh":false,"showFog":true,"showSkybox":false,"showFlares":true,"showImageEffects":true,"showParticleSystems":true,"showVisualEffectGraphs":true,"m_FxEnabled":true},"in2DMode":false,"pivot":{"x":-0.001448214054107666,"y":0.004519253969192505,"z":-0.0030665993690490724},"rotation":{"x":0.0022309625055640938,"y":0.9971866011619568,"z":0.06741221249103546,"w":-0.03291897103190422},"size":0.4246496558189392,"orthographic":false}