{"cameraMode":{"drawMode":0,"name":"Shaded","section":"Shading Mode"},"sceneLighting":false,"audioPlay":false,"sceneViewState":{"m_AlwaysRefresh":false,"showFog":true,"showSkybox":false,"showFlares":true,"showImageEffects":true,"showParticleSystems":true,"showVisualEffectGraphs":true,"m_FxEnabled":true},"in2DMode":false,"pivot":{"x":-0.3869999945163727,"y":1.5390000343322755,"z":4.355999946594238},"rotation":{"x":0.34042665362358096,"y":0.49907436966896059,"z":-0.22198034822940827,"w":0.7653973698616028},"size":0.21106873452663423,"orthographic":false}