{"cameraMode":{"drawMode":0,"name":"Shaded","section":"Shading Mode"},"sceneLighting":false,"audioPlay":false,"sceneViewState":{"m_AlwaysRefresh":false,"showFog":true,"showSkybox":false,"showFlares":true,"showImageEffects":true,"showParticleSystems":true,"showVisualEffectGraphs":true,"m_FxEnabled":true},"in2DMode":false,"pivot":{"x":1.1179125308990479,"y":0.01884603500366211,"z":-0.1743747591972351},"rotation":{"x":-0.16020137071609498,"y":-0.31856945157051089,"z":0.05855445936322212,"w":-0.9327404499053955},"size":3.2879586219787599,"orthographic":false}