{"cameraMode":{"drawMode":0,"name":"Shaded","section":"Shading Mode"},"sceneLighting":false,"audioPlay":false,"sceneViewState":{"m_AlwaysRefresh":false,"showFog":true,"showSkybox":false,"showFlares":true,"showImageEffects":true,"showParticleSystems":true,"showVisualEffectGraphs":true,"m_FxEnabled":true},"in2DMode":false,"pivot":{"x":-0.027318686246871949,"y":0.6250066757202148,"z":-0.023533225059509279},"rotation":{"x":-0.16020137071609498,"y":-0.31856945157051089,"z":0.05855445936322212,"w":-0.9327404499053955},"size":0.621096670627594,"orthographic":false}