{"cameraMode":{"drawMode":0,"name":"Shaded","section":"Shading Mode"},"sceneLighting":false,"audioPlay":false,"sceneViewState":{"m_AlwaysRefresh":false,"showFog":true,"showSkybox":false,"showFlares":true,"showImageEffects":true,"showParticleSystems":true,"showVisualEffectGraphs":true,"m_FxEnabled":true},"in2DMode":false,"pivot":{"x":0.6754002571105957,"y":0.18301546573638917,"z":-0.8657050132751465},"rotation":{"x":-0.1809416264295578,"y":-0.5368534922599793,"z":0.12358515709638596,"w":-0.8150825500488281},"size":1.8000173568725587,"orthographic":false}