{"cameraMode":{"drawMode":0,"name":"Shaded","section":"Shading Mode"},"sceneLighting":false,"audioPlay":false,"sceneViewState":{"m_AlwaysRefresh":false,"showFog":true,"showSkybox":false,"showFlares":true,"showImageEffects":true,"showParticleSystems":true,"showVisualEffectGraphs":true,"m_FxEnabled":true},"in2DMode":false,"pivot":{"x":0.02728923410177231,"y":-0.005641251802444458,"z":-0.04333356022834778},"rotation":{"x":-0.17168989777565003,"y":-0.7146806120872498,"z":0.18919378519058228,"w":-0.6513400673866272},"size":0.2560003399848938,"orthographic":false}