{"cameraMode":{"drawMode":0,"name":"Shaded","section":"Shading Mode"},"sceneLighting":false,"audioPlay":false,"sceneViewState":{"m_AlwaysRefresh":false,"showFog":true,"showSkybox":false,"showFlares":true,"showImageEffects":true,"showParticleSystems":true,"showVisualEffectGraphs":true,"m_FxEnabled":true},"in2DMode":false,"pivot":{"x":0.2600947618484497,"y":-0.14053130149841309,"z":-0.08792871236801148},"rotation":{"x":-0.4019201397895813,"y":0.15870146453380586,"z":-0.07074536383152008,"w":-0.8991888165473938},"size":1.4103749990463257,"orthographic":false}