{"cameraMode":{"drawMode":0,"name":"Shaded","section":"Shading Mode"},"sceneLighting":false,"audioPlay":false,"sceneViewState":{"m_AlwaysRefresh":false,"showFog":true,"showSkybox":false,"showFlares":true,"showImageEffects":true,"showParticleSystems":true,"showVisualEffectGraphs":true,"m_FxEnabled":true},"in2DMode":false,"pivot":{"x":-0.010109484195709229,"y":0.6388766169548035,"z":0.020498216152191163},"rotation":{"x":0.11690457910299301,"y":0.27038824558258059,"z":0.03643520548939705,"w":-0.9552508592605591},"size":1.4020440578460694,"orthographic":false}