{"cameraMode":{"drawMode":0,"name":"Shaded","section":"Shading Mode"},"sceneLighting":true,"audioPlay":false,"sceneViewState":{"m_AlwaysRefresh":false,"showFog":true,"showSkybox":false,"showFlares":true,"showImageEffects":true,"showParticleSystems":true,"showVisualEffectGraphs":true,"m_FxEnabled":true},"in2DMode":false,"pivot":{"x":1.1974979639053345,"y":1.0288543701171876,"z":-0.1106557846069336},"rotation":{"x":0.20700083673000337,"y":-0.2277032732963562,"z":0.049606021493673328,"w":0.9501920938491821},"size":3.0558080673217775,"orthographic":false}