{"cameraMode":{"drawMode":0,"name":"Shaded","section":"Shading Mode"},"sceneLighting":false,"audioPlay":false,"sceneViewState":{"m_AlwaysRefresh":false,"showFog":true,"showSkybox":false,"showFlares":true,"showImageEffects":true,"showParticleSystems":true,"showVisualEffectGraphs":true,"m_FxEnabled":true},"in2DMode":false,"pivot":{"x":-0.0013237595558166504,"y":0.056676268577575687,"z":0.02076423168182373},"rotation":{"x":-0.22473758459091187,"y":-0.387567937374115,"z":0.10209047049283982,"w":-0.888507604598999},"size":0.996295154094696,"orthographic":false}